path,kind,size,background,reference_images,prompt,notes
output/backgrounds/duel_town_day.png,background,1536x1024,opaque,references/high_noon_master_reference.png,"HIGH NOON mobile game art. cinematic spaghetti western, realistic stylized game art, burnt-orange sunset, deep brown shadows, dusty frontier town, weathered leather and steel, dramatic rim light, grounded anatomy. No text, no logo, no watermark. Empty centered frontier main street in daylight, no people, no foreground weapon, clean duel lane.",
output/backgrounds/duel_town_sunset.png,background,1536x1024,opaque,references/high_noon_master_reference.png,"HIGH NOON mobile game art. cinematic spaghetti western, realistic stylized game art, burnt-orange sunset, deep brown shadows, dusty frontier town, weathered leather and steel, dramatic rim light, grounded anatomy. No text, no logo, no watermark. Empty centered frontier main street at blazing sunset with giant low sun, no people or weapons.",
output/backgrounds/duel_town_night.png,background,1536x1024,opaque,references/high_noon_master_reference.png,"HIGH NOON mobile game art. cinematic spaghetti western, realistic stylized game art, burnt-orange sunset, deep brown shadows, dusty frontier town, weathered leather and steel, dramatic rim light, grounded anatomy. No text, no logo, no watermark. Same western town geometry at moonlit night, empty street, lanterns, no people or weapons.",
output/backgrounds/duel_arena.png,background,1536x1024,opaque,references/high_noon_master_reference.png,"HIGH NOON mobile game art. cinematic spaghetti western, realistic stylized game art, burnt-orange sunset, deep brown shadows, dusty frontier town, weathered leather and steel, dramatic rim light, grounded anatomy. No text, no logo, no watermark. Wide empty desert duel arena with fence, windmill and mesas, sunset, no characters.",
output/characters/player/player_idle.png,character,1024x1536,transparent,references/high_noon_master_reference.png,"HIGH NOON mobile game art. cinematic spaghetti western, realistic stylized game art, burnt-orange sunset, deep brown shadows, dusty frontier town, weathered leather and steel, dramatic rim light, grounded anatomy. No text, no logo, no watermark. Same male gunslinger identity in every frame: black wide-brim hat, dark long duster, brown leather gun belt, black shirt, weathered boots, same face/proportions. Full-body neutral duel stance, hands near holster, transparent background.",Generate idle first; later states must use accepted idle as identity reference.
output/characters/player/player_draw.png,character,1024x1536,transparent,references/high_noon_master_reference.png,"HIGH NOON mobile game art. cinematic spaghetti western, realistic stylized game art, burnt-orange sunset, deep brown shadows, dusty frontier town, weathered leather and steel, dramatic rim light, grounded anatomy. No text, no logo, no watermark. Same male gunslinger identity in every frame: black wide-brim hat, dark long duster, brown leather gun belt, black shirt, weathered boots, same face/proportions. Full-body quick-draw transition, revolver clearing holster naturally, transparent background.",Generate idle first; later states must use accepted idle as identity reference.
output/characters/player/player_fire.png,character,1024x1536,transparent,references/high_noon_master_reference.png,"HIGH NOON mobile game art. cinematic spaghetti western, realistic stylized game art, burnt-orange sunset, deep brown shadows, dusty frontier town, weathered leather and steel, dramatic rim light, grounded anatomy. No text, no logo, no watermark. Same male gunslinger identity in every frame: black wide-brim hat, dark long duster, brown leather gun belt, black shirt, weathered boots, same face/proportions. Full-body quick-draw firing pose at waist/chest level toward opponent; correct gun alignment; NO muzzle flash; transparent background.",Generate idle first; later states must use accepted idle as identity reference.
output/characters/player/player_hit.png,character,1024x1536,transparent,references/high_noon_master_reference.png,"HIGH NOON mobile game art. cinematic spaghetti western, realistic stylized game art, burnt-orange sunset, deep brown shadows, dusty frontier town, weathered leather and steel, dramatic rim light, grounded anatomy. No text, no logo, no watermark. Same male gunslinger identity in every frame: black wide-brim hat, dark long duster, brown leather gun belt, black shirt, weathered boots, same face/proportions. Full-body non-gory hit reaction, torso recoils, balance breaking, no blood, transparent background.",Generate idle first; later states must use accepted idle as identity reference.
output/characters/player/player_down.png,character,1024x1536,transparent,references/high_noon_master_reference.png,"HIGH NOON mobile game art. cinematic spaghetti western, realistic stylized game art, burnt-orange sunset, deep brown shadows, dusty frontier town, weathered leather and steel, dramatic rim light, grounded anatomy. No text, no logo, no watermark. Same male gunslinger identity in every frame: black wide-brim hat, dark long duster, brown leather gun belt, black shirt, weathered boots, same face/proportions. Full-body natural falling/down pose with knees buckling; same identity; non-gory; not grotesque; transparent background.",Generate idle first; later states must use accepted idle as identity reference.
output/characters/npc/npc_01_the_drifter_portrait.png,portrait,1024x1024,opaque,references/high_noon_master_reference.png,"HIGH NOON mobile game art. cinematic spaghetti western, realistic stylized game art, burnt-orange sunset, deep brown shadows, dusty frontier town, weathered leather and steel, dramatic rim light, grounded anatomy. No text, no logo, no watermark. NPC #1 The Drifter, bronze tier, ability none. weathered cowboy, torn poncho, dusty bandana. Keep exact same identity across poses. Chest-up western portrait, neutral wanted-poster composition, no text.",
output/characters/npc/npc_01_the_drifter_idle.png,character,1024x1536,transparent,references/high_noon_master_reference.png,"HIGH NOON mobile game art. cinematic spaghetti western, realistic stylized game art, burnt-orange sunset, deep brown shadows, dusty frontier town, weathered leather and steel, dramatic rim light, grounded anatomy. No text, no logo, no watermark. NPC #1 The Drifter, bronze tier, ability none. weathered cowboy, torn poncho, dusty bandana. Keep exact same identity across poses. Full-body duel idle facing player, hand near holster. Transparent background.","Generate portrait/idle first, then use accepted identity as reference for later poses."
output/characters/npc/npc_01_the_drifter_aim.png,character,1024x1536,transparent,references/high_noon_master_reference.png,"HIGH NOON mobile game art. cinematic spaghetti western, realistic stylized game art, burnt-orange sunset, deep brown shadows, dusty frontier town, weathered leather and steel, dramatic rim light, grounded anatomy. No text, no logo, no watermark. NPC #1 The Drifter, bronze tier, ability none. weathered cowboy, torn poncho, dusty bandana. Keep exact same identity across poses. Full-body quick-draw/aim pose, revolver raised naturally. Transparent background.","Generate portrait/idle first, then use accepted identity as reference for later poses."
output/characters/npc/npc_01_the_drifter_shoot.png,character,1024x1536,transparent,references/high_noon_master_reference.png,"HIGH NOON mobile game art. cinematic spaghetti western, realistic stylized game art, burnt-orange sunset, deep brown shadows, dusty frontier town, weathered leather and steel, dramatic rim light, grounded anatomy. No text, no logo, no watermark. NPC #1 The Drifter, bronze tier, ability none. weathered cowboy, torn poncho, dusty bandana. Keep exact same identity across poses. Full-body shooting pose aimed at player, NO muzzle flash baked in. Transparent background.","Generate portrait/idle first, then use accepted identity as reference for later poses."
output/characters/npc/npc_01_the_drifter_defeat.png,character,1024x1536,transparent,references/high_noon_master_reference.png,"HIGH NOON mobile game art. cinematic spaghetti western, realistic stylized game art, burnt-orange sunset, deep brown shadows, dusty frontier town, weathered leather and steel, dramatic rim light, grounded anatomy. No text, no logo, no watermark. NPC #1 The Drifter, bronze tier, ability none. weathered cowboy, torn poncho, dusty bandana. Keep exact same identity across poses. Non-gory falling/defeated pose, knees or torso giving way. Transparent background.","Generate portrait/idle first, then use accepted identity as reference for later poses."
output/characters/npc/npc_02_rusty_muzzle_portrait.png,portrait,1024x1024,opaque,references/high_noon_master_reference.png,"HIGH NOON mobile game art. cinematic spaghetti western, realistic stylized game art, burnt-orange sunset, deep brown shadows, dusty frontier town, weathered leather and steel, dramatic rim light, grounded anatomy. No text, no logo, no watermark. NPC #2 Rusty Muzzle, bronze tier, ability none. rusted holster, patchy leather vest, broken hat brim. Keep exact same identity across poses. Chest-up western portrait, neutral wanted-poster composition, no text.",
output/characters/npc/npc_02_rusty_muzzle_idle.png,character,1024x1536,transparent,references/high_noon_master_reference.png,"HIGH NOON mobile game art. cinematic spaghetti western, realistic stylized game art, burnt-orange sunset, deep brown shadows, dusty frontier town, weathered leather and steel, dramatic rim light, grounded anatomy. No text, no logo, no watermark. NPC #2 Rusty Muzzle, bronze tier, ability none. rusted holster, patchy leather vest, broken hat brim. Keep exact same identity across poses. Full-body duel idle facing player, hand near holster. Transparent background.","Generate portrait/idle first, then use accepted identity as reference for later poses."
output/characters/npc/npc_02_rusty_muzzle_aim.png,character,1024x1536,transparent,references/high_noon_master_reference.png,"HIGH NOON mobile game art. cinematic spaghetti western, realistic stylized game art, burnt-orange sunset, deep brown shadows, dusty frontier town, weathered leather and steel, dramatic rim light, grounded anatomy. No text, no logo, no watermark. NPC #2 Rusty Muzzle, bronze tier, ability none. rusted holster, patchy leather vest, broken hat brim. Keep exact same identity across poses. Full-body quick-draw/aim pose, revolver raised naturally. Transparent background.","Generate portrait/idle first, then use accepted identity as reference for later poses."
output/characters/npc/npc_02_rusty_muzzle_shoot.png,character,1024x1536,transparent,references/high_noon_master_reference.png,"HIGH NOON mobile game art. cinematic spaghetti western, realistic stylized game art, burnt-orange sunset, deep brown shadows, dusty frontier town, weathered leather and steel, dramatic rim light, grounded anatomy. No text, no logo, no watermark. NPC #2 Rusty Muzzle, bronze tier, ability none. rusted holster, patchy leather vest, broken hat brim. Keep exact same identity across poses. Full-body shooting pose aimed at player, NO muzzle flash baked in. Transparent background.","Generate portrait/idle first, then use accepted identity as reference for later poses."
output/characters/npc/npc_02_rusty_muzzle_defeat.png,character,1024x1536,transparent,references/high_noon_master_reference.png,"HIGH NOON mobile game art. cinematic spaghetti western, realistic stylized game art, burnt-orange sunset, deep brown shadows, dusty frontier town, weathered leather and steel, dramatic rim light, grounded anatomy. No text, no logo, no watermark. NPC #2 Rusty Muzzle, bronze tier, ability none. rusted holster, patchy leather vest, broken hat brim. Keep exact same identity across poses. Non-gory falling/defeated pose, knees or torso giving way. Transparent background.","Generate portrait/idle first, then use accepted identity as reference for later poses."
output/characters/npc/npc_03_crow_portrait.png,portrait,1024x1024,opaque,references/high_noon_master_reference.png,"HIGH NOON mobile game art. cinematic spaghetti western, realistic stylized game art, burnt-orange sunset, deep brown shadows, dusty frontier town, weathered leather and steel, dramatic rim light, grounded anatomy. No text, no logo, no watermark. NPC #3 Crow, bronze tier, ability none. black feathered cloak, hollow eyes, crow-skull hat motif. Keep exact same identity across poses. Chest-up western portrait, neutral wanted-poster composition, no text.",
output/characters/npc/npc_03_crow_idle.png,character,1024x1536,transparent,references/high_noon_master_reference.png,"HIGH NOON mobile game art. cinematic spaghetti western, realistic stylized game art, burnt-orange sunset, deep brown shadows, dusty frontier town, weathered leather and steel, dramatic rim light, grounded anatomy. No text, no logo, no watermark. NPC #3 Crow, bronze tier, ability none. black feathered cloak, hollow eyes, crow-skull hat motif. Keep exact same identity across poses. Full-body duel idle facing player, hand near holster. Transparent background.","Generate portrait/idle first, then use accepted identity as reference for later poses."
output/characters/npc/npc_03_crow_aim.png,character,1024x1536,transparent,references/high_noon_master_reference.png,"HIGH NOON mobile game art. cinematic spaghetti western, realistic stylized game art, burnt-orange sunset, deep brown shadows, dusty frontier town, weathered leather and steel, dramatic rim light, grounded anatomy. No text, no logo, no watermark. NPC #3 Crow, bronze tier, ability none. black feathered cloak, hollow eyes, crow-skull hat motif. Keep exact same identity across poses. Full-body quick-draw/aim pose, revolver raised naturally. Transparent background.","Generate portrait/idle first, then use accepted identity as reference for later poses."
output/characters/npc/npc_03_crow_shoot.png,character,1024x1536,transparent,references/high_noon_master_reference.png,"HIGH NOON mobile game art. cinematic spaghetti western, realistic stylized game art, burnt-orange sunset, deep brown shadows, dusty frontier town, weathered leather and steel, dramatic rim light, grounded anatomy. No text, no logo, no watermark. NPC #3 Crow, bronze tier, ability none. black feathered cloak, hollow eyes, crow-skull hat motif. Keep exact same identity across poses. Full-body shooting pose aimed at player, NO muzzle flash baked in. Transparent background.","Generate portrait/idle first, then use accepted identity as reference for later poses."
output/characters/npc/npc_03_crow_defeat.png,character,1024x1536,transparent,references/high_noon_master_reference.png,"HIGH NOON mobile game art. cinematic spaghetti western, realistic stylized game art, burnt-orange sunset, deep brown shadows, dusty frontier town, weathered leather and steel, dramatic rim light, grounded anatomy. No text, no logo, no watermark. NPC #3 Crow, bronze tier, ability none. black feathered cloak, hollow eyes, crow-skull hat motif. Keep exact same identity across poses. Non-gory falling/defeated pose, knees or torso giving way. Transparent background.","Generate portrait/idle first, then use accepted identity as reference for later poses."
output/characters/npc/npc_04_desert_fox_portrait.png,portrait,1024x1024,opaque,references/high_noon_master_reference.png,"HIGH NOON mobile game art. cinematic spaghetti western, realistic stylized game art, burnt-orange sunset, deep brown shadows, dusty frontier town, weathered leather and steel, dramatic rim light, grounded anatomy. No text, no logo, no watermark. NPC #4 Desert Fox, silver tier, ability none. sandy fur-trimmed coat, amber eyes, desert camouflage. Keep exact same identity across poses. Chest-up western portrait, neutral wanted-poster composition, no text.",
output/characters/npc/npc_04_desert_fox_idle.png,character,1024x1536,transparent,references/high_noon_master_reference.png,"HIGH NOON mobile game art. cinematic spaghetti western, realistic stylized game art, burnt-orange sunset, deep brown shadows, dusty frontier town, weathered leather and steel, dramatic rim light, grounded anatomy. No text, no logo, no watermark. NPC #4 Desert Fox, silver tier, ability none. sandy fur-trimmed coat, amber eyes, desert camouflage. Keep exact same identity across poses. Full-body duel idle facing player, hand near holster. Transparent background.","Generate portrait/idle first, then use accepted identity as reference for later poses."
output/characters/npc/npc_04_desert_fox_aim.png,character,1024x1536,transparent,references/high_noon_master_reference.png,"HIGH NOON mobile game art. cinematic spaghetti western, realistic stylized game art, burnt-orange sunset, deep brown shadows, dusty frontier town, weathered leather and steel, dramatic rim light, grounded anatomy. No text, no logo, no watermark. NPC #4 Desert Fox, silver tier, ability none. sandy fur-trimmed coat, amber eyes, desert camouflage. Keep exact same identity across poses. Full-body quick-draw/aim pose, revolver raised naturally. Transparent background.","Generate portrait/idle first, then use accepted identity as reference for later poses."
output/characters/npc/npc_04_desert_fox_shoot.png,character,1024x1536,transparent,references/high_noon_master_reference.png,"HIGH NOON mobile game art. cinematic spaghetti western, realistic stylized game art, burnt-orange sunset, deep brown shadows, dusty frontier town, weathered leather and steel, dramatic rim light, grounded anatomy. No text, no logo, no watermark. NPC #4 Desert Fox, silver tier, ability none. sandy fur-trimmed coat, amber eyes, desert camouflage. Keep exact same identity across poses. Full-body shooting pose aimed at player, NO muzzle flash baked in. Transparent background.","Generate portrait/idle first, then use accepted identity as reference for later poses."
output/characters/npc/npc_04_desert_fox_defeat.png,character,1024x1536,transparent,references/high_noon_master_reference.png,"HIGH NOON mobile game art. cinematic spaghetti western, realistic stylized game art, burnt-orange sunset, deep brown shadows, dusty frontier town, weathered leather and steel, dramatic rim light, grounded anatomy. No text, no logo, no watermark. NPC #4 Desert Fox, silver tier, ability none. sandy fur-trimmed coat, amber eyes, desert camouflage. Keep exact same identity across poses. Non-gory falling/defeated pose, knees or torso giving way. Transparent background.","Generate portrait/idle first, then use accepted identity as reference for later poses."
output/characters/npc/npc_05_iron_jaw_portrait.png,portrait,1024x1024,opaque,references/high_noon_master_reference.png,"HIGH NOON mobile game art. cinematic spaghetti western, realistic stylized game art, burnt-orange sunset, deep brown shadows, dusty frontier town, weathered leather and steel, dramatic rim light, grounded anatomy. No text, no logo, no watermark. NPC #5 Iron Jaw, silver tier, ability none. iron half-mask, military coat, cold steel plates. Keep exact same identity across poses. Chest-up western portrait, neutral wanted-poster composition, no text.",
output/characters/npc/npc_05_iron_jaw_idle.png,character,1024x1536,transparent,references/high_noon_master_reference.png,"HIGH NOON mobile game art. cinematic spaghetti western, realistic stylized game art, burnt-orange sunset, deep brown shadows, dusty frontier town, weathered leather and steel, dramatic rim light, grounded anatomy. No text, no logo, no watermark. NPC #5 Iron Jaw, silver tier, ability none. iron half-mask, military coat, cold steel plates. Keep exact same identity across poses. Full-body duel idle facing player, hand near holster. Transparent background.","Generate portrait/idle first, then use accepted identity as reference for later poses."
output/characters/npc/npc_05_iron_jaw_aim.png,character,1024x1536,transparent,references/high_noon_master_reference.png,"HIGH NOON mobile game art. cinematic spaghetti western, realistic stylized game art, burnt-orange sunset, deep brown shadows, dusty frontier town, weathered leather and steel, dramatic rim light, grounded anatomy. No text, no logo, no watermark. NPC #5 Iron Jaw, silver tier, ability none. iron half-mask, military coat, cold steel plates. Keep exact same identity across poses. Full-body quick-draw/aim pose, revolver raised naturally. Transparent background.","Generate portrait/idle first, then use accepted identity as reference for later poses."
output/characters/npc/npc_05_iron_jaw_shoot.png,character,1024x1536,transparent,references/high_noon_master_reference.png,"HIGH NOON mobile game art. cinematic spaghetti western, realistic stylized game art, burnt-orange sunset, deep brown shadows, dusty frontier town, weathered leather and steel, dramatic rim light, grounded anatomy. No text, no logo, no watermark. NPC #5 Iron Jaw, silver tier, ability none. iron half-mask, military coat, cold steel plates. Keep exact same identity across poses. Full-body shooting pose aimed at player, NO muzzle flash baked in. Transparent background.","Generate portrait/idle first, then use accepted identity as reference for later poses."
output/characters/npc/npc_05_iron_jaw_defeat.png,character,1024x1536,transparent,references/high_noon_master_reference.png,"HIGH NOON mobile game art. cinematic spaghetti western, realistic stylized game art, burnt-orange sunset, deep brown shadows, dusty frontier town, weathered leather and steel, dramatic rim light, grounded anatomy. No text, no logo, no watermark. NPC #5 Iron Jaw, silver tier, ability none. iron half-mask, military coat, cold steel plates. Keep exact same identity across poses. Non-gory falling/defeated pose, knees or torso giving way. Transparent background.","Generate portrait/idle first, then use accepted identity as reference for later poses."
output/characters/npc/npc_06_calamity_portrait.png,portrait,1024x1024,opaque,references/high_noon_master_reference.png,"HIGH NOON mobile game art. cinematic spaghetti western, realistic stylized game art, burnt-orange sunset, deep brown shadows, dusty frontier town, weathered leather and steel, dramatic rim light, grounded anatomy. No text, no logo, no watermark. NPC #6 Calamity, silver tier, ability none. female bounty hunter, sleek leather duster, dual holsters. Keep exact same identity across poses. Chest-up western portrait, neutral wanted-poster composition, no text.",
output/characters/npc/npc_06_calamity_idle.png,character,1024x1536,transparent,references/high_noon_master_reference.png,"HIGH NOON mobile game art. cinematic spaghetti western, realistic stylized game art, burnt-orange sunset, deep brown shadows, dusty frontier town, weathered leather and steel, dramatic rim light, grounded anatomy. No text, no logo, no watermark. NPC #6 Calamity, silver tier, ability none. female bounty hunter, sleek leather duster, dual holsters. Keep exact same identity across poses. Full-body duel idle facing player, hand near holster. Transparent background.","Generate portrait/idle first, then use accepted identity as reference for later poses."
output/characters/npc/npc_06_calamity_aim.png,character,1024x1536,transparent,references/high_noon_master_reference.png,"HIGH NOON mobile game art. cinematic spaghetti western, realistic stylized game art, burnt-orange sunset, deep brown shadows, dusty frontier town, weathered leather and steel, dramatic rim light, grounded anatomy. No text, no logo, no watermark. NPC #6 Calamity, silver tier, ability none. female bounty hunter, sleek leather duster, dual holsters. Keep exact same identity across poses. Full-body quick-draw/aim pose, revolver raised naturally. Transparent background.","Generate portrait/idle first, then use accepted identity as reference for later poses."
output/characters/npc/npc_06_calamity_shoot.png,character,1024x1536,transparent,references/high_noon_master_reference.png,"HIGH NOON mobile game art. cinematic spaghetti western, realistic stylized game art, burnt-orange sunset, deep brown shadows, dusty frontier town, weathered leather and steel, dramatic rim light, grounded anatomy. No text, no logo, no watermark. NPC #6 Calamity, silver tier, ability none. female bounty hunter, sleek leather duster, dual holsters. Keep exact same identity across poses. Full-body shooting pose aimed at player, NO muzzle flash baked in. Transparent background.","Generate portrait/idle first, then use accepted identity as reference for later poses."
output/characters/npc/npc_06_calamity_defeat.png,character,1024x1536,transparent,references/high_noon_master_reference.png,"HIGH NOON mobile game art. cinematic spaghetti western, realistic stylized game art, burnt-orange sunset, deep brown shadows, dusty frontier town, weathered leather and steel, dramatic rim light, grounded anatomy. No text, no logo, no watermark. NPC #6 Calamity, silver tier, ability none. female bounty hunter, sleek leather duster, dual holsters. Keep exact same identity across poses. Non-gory falling/defeated pose, knees or torso giving way. Transparent background.","Generate portrait/idle first, then use accepted identity as reference for later poses."
output/characters/npc/npc_07_cactus_jack_portrait.png,portrait,1024x1024,opaque,references/high_noon_master_reference.png,"HIGH NOON mobile game art. cinematic spaghetti western, realistic stylized game art, burnt-orange sunset, deep brown shadows, dusty frontier town, weathered leather and steel, dramatic rim light, grounded anatomy. No text, no logo, no watermark. NPC #7 Cactus Jack, gold tier, ability none. cactus-spine motif, green-tinted coat, spiked gloves. Keep exact same identity across poses. Chest-up western portrait, neutral wanted-poster composition, no text.",
output/characters/npc/npc_07_cactus_jack_idle.png,character,1024x1536,transparent,references/high_noon_master_reference.png,"HIGH NOON mobile game art. cinematic spaghetti western, realistic stylized game art, burnt-orange sunset, deep brown shadows, dusty frontier town, weathered leather and steel, dramatic rim light, grounded anatomy. No text, no logo, no watermark. NPC #7 Cactus Jack, gold tier, ability none. cactus-spine motif, green-tinted coat, spiked gloves. Keep exact same identity across poses. Full-body duel idle facing player, hand near holster. Transparent background.","Generate portrait/idle first, then use accepted identity as reference for later poses."
output/characters/npc/npc_07_cactus_jack_aim.png,character,1024x1536,transparent,references/high_noon_master_reference.png,"HIGH NOON mobile game art. cinematic spaghetti western, realistic stylized game art, burnt-orange sunset, deep brown shadows, dusty frontier town, weathered leather and steel, dramatic rim light, grounded anatomy. No text, no logo, no watermark. NPC #7 Cactus Jack, gold tier, ability none. cactus-spine motif, green-tinted coat, spiked gloves. Keep exact same identity across poses. Full-body quick-draw/aim pose, revolver raised naturally. Transparent background.","Generate portrait/idle first, then use accepted identity as reference for later poses."
output/characters/npc/npc_07_cactus_jack_shoot.png,character,1024x1536,transparent,references/high_noon_master_reference.png,"HIGH NOON mobile game art. cinematic spaghetti western, realistic stylized game art, burnt-orange sunset, deep brown shadows, dusty frontier town, weathered leather and steel, dramatic rim light, grounded anatomy. No text, no logo, no watermark. NPC #7 Cactus Jack, gold tier, ability none. cactus-spine motif, green-tinted coat, spiked gloves. Keep exact same identity across poses. Full-body shooting pose aimed at player, NO muzzle flash baked in. Transparent background.","Generate portrait/idle first, then use accepted identity as reference for later poses."
output/characters/npc/npc_07_cactus_jack_defeat.png,character,1024x1536,transparent,references/high_noon_master_reference.png,"HIGH NOON mobile game art. cinematic spaghetti western, realistic stylized game art, burnt-orange sunset, deep brown shadows, dusty frontier town, weathered leather and steel, dramatic rim light, grounded anatomy. No text, no logo, no watermark. NPC #7 Cactus Jack, gold tier, ability none. cactus-spine motif, green-tinted coat, spiked gloves. Keep exact same identity across poses. Non-gory falling/defeated pose, knees or torso giving way. Transparent background.","Generate portrait/idle first, then use accepted identity as reference for later poses."
output/characters/npc/npc_08_twin_fang_portrait.png,portrait,1024x1024,opaque,references/high_noon_master_reference.png,"HIGH NOON mobile game art. cinematic spaghetti western, realistic stylized game art, burnt-orange sunset, deep brown shadows, dusty frontier town, weathered leather and steel, dramatic rim light, grounded anatomy. No text, no logo, no watermark. NPC #8 Twin Fang, gold tier, ability none. ornate twin revolvers, red vest, gold trim. Keep exact same identity across poses. Chest-up western portrait, neutral wanted-poster composition, no text.",
output/characters/npc/npc_08_twin_fang_idle.png,character,1024x1536,transparent,references/high_noon_master_reference.png,"HIGH NOON mobile game art. cinematic spaghetti western, realistic stylized game art, burnt-orange sunset, deep brown shadows, dusty frontier town, weathered leather and steel, dramatic rim light, grounded anatomy. No text, no logo, no watermark. NPC #8 Twin Fang, gold tier, ability none. ornate twin revolvers, red vest, gold trim. Keep exact same identity across poses. Full-body duel idle facing player, hand near holster. Transparent background.","Generate portrait/idle first, then use accepted identity as reference for later poses."
output/characters/npc/npc_08_twin_fang_aim.png,character,1024x1536,transparent,references/high_noon_master_reference.png,"HIGH NOON mobile game art. cinematic spaghetti western, realistic stylized game art, burnt-orange sunset, deep brown shadows, dusty frontier town, weathered leather and steel, dramatic rim light, grounded anatomy. No text, no logo, no watermark. NPC #8 Twin Fang, gold tier, ability none. ornate twin revolvers, red vest, gold trim. Keep exact same identity across poses. Full-body quick-draw/aim pose, revolver raised naturally. Transparent background.","Generate portrait/idle first, then use accepted identity as reference for later poses."
output/characters/npc/npc_08_twin_fang_shoot.png,character,1024x1536,transparent,references/high_noon_master_reference.png,"HIGH NOON mobile game art. cinematic spaghetti western, realistic stylized game art, burnt-orange sunset, deep brown shadows, dusty frontier town, weathered leather and steel, dramatic rim light, grounded anatomy. No text, no logo, no watermark. NPC #8 Twin Fang, gold tier, ability none. ornate twin revolvers, red vest, gold trim. Keep exact same identity across poses. Full-body shooting pose aimed at player, NO muzzle flash baked in. Transparent background.","Generate portrait/idle first, then use accepted identity as reference for later poses."
output/characters/npc/npc_08_twin_fang_defeat.png,character,1024x1536,transparent,references/high_noon_master_reference.png,"HIGH NOON mobile game art. cinematic spaghetti western, realistic stylized game art, burnt-orange sunset, deep brown shadows, dusty frontier town, weathered leather and steel, dramatic rim light, grounded anatomy. No text, no logo, no watermark. NPC #8 Twin Fang, gold tier, ability none. ornate twin revolvers, red vest, gold trim. Keep exact same identity across poses. Non-gory falling/defeated pose, knees or torso giving way. Transparent background.","Generate portrait/idle first, then use accepted identity as reference for later poses."
output/characters/npc/npc_09_golden_skull_portrait.png,portrait,1024x1024,opaque,references/high_noon_master_reference.png,"HIGH NOON mobile game art. cinematic spaghetti western, realistic stylized game art, burnt-orange sunset, deep brown shadows, dusty frontier town, weathered leather and steel, dramatic rim light, grounded anatomy. No text, no logo, no watermark. NPC #9 Golden Skull, gold tier, ability none. gold skull face paint, gilded accents, yellow eyes. Keep exact same identity across poses. Chest-up western portrait, neutral wanted-poster composition, no text.",
output/characters/npc/npc_09_golden_skull_idle.png,character,1024x1536,transparent,references/high_noon_master_reference.png,"HIGH NOON mobile game art. cinematic spaghetti western, realistic stylized game art, burnt-orange sunset, deep brown shadows, dusty frontier town, weathered leather and steel, dramatic rim light, grounded anatomy. No text, no logo, no watermark. NPC #9 Golden Skull, gold tier, ability none. gold skull face paint, gilded accents, yellow eyes. Keep exact same identity across poses. Full-body duel idle facing player, hand near holster. Transparent background.","Generate portrait/idle first, then use accepted identity as reference for later poses."
output/characters/npc/npc_09_golden_skull_aim.png,character,1024x1536,transparent,references/high_noon_master_reference.png,"HIGH NOON mobile game art. cinematic spaghetti western, realistic stylized game art, burnt-orange sunset, deep brown shadows, dusty frontier town, weathered leather and steel, dramatic rim light, grounded anatomy. No text, no logo, no watermark. NPC #9 Golden Skull, gold tier, ability none. gold skull face paint, gilded accents, yellow eyes. Keep exact same identity across poses. Full-body quick-draw/aim pose, revolver raised naturally. Transparent background.","Generate portrait/idle first, then use accepted identity as reference for later poses."
output/characters/npc/npc_09_golden_skull_shoot.png,character,1024x1536,transparent,references/high_noon_master_reference.png,"HIGH NOON mobile game art. cinematic spaghetti western, realistic stylized game art, burnt-orange sunset, deep brown shadows, dusty frontier town, weathered leather and steel, dramatic rim light, grounded anatomy. No text, no logo, no watermark. NPC #9 Golden Skull, gold tier, ability none. gold skull face paint, gilded accents, yellow eyes. Keep exact same identity across poses. Full-body shooting pose aimed at player, NO muzzle flash baked in. Transparent background.","Generate portrait/idle first, then use accepted identity as reference for later poses."
output/characters/npc/npc_09_golden_skull_defeat.png,character,1024x1536,transparent,references/high_noon_master_reference.png,"HIGH NOON mobile game art. cinematic spaghetti western, realistic stylized game art, burnt-orange sunset, deep brown shadows, dusty frontier town, weathered leather and steel, dramatic rim light, grounded anatomy. No text, no logo, no watermark. NPC #9 Golden Skull, gold tier, ability none. gold skull face paint, gilded accents, yellow eyes. Keep exact same identity across poses. Non-gory falling/defeated pose, knees or torso giving way. Transparent background.","Generate portrait/idle first, then use accepted identity as reference for later poses."
output/characters/npc/npc_10_steel_eagle_portrait.png,portrait,1024x1024,opaque,references/high_noon_master_reference.png,"HIGH NOON mobile game art. cinematic spaghetti western, realistic stylized game art, burnt-orange sunset, deep brown shadows, dusty frontier town, weathered leather and steel, dramatic rim light, grounded anatomy. No text, no logo, no watermark. NPC #10 Steel Eagle, platinum tier, ability none. mechanical eye, steel shoulder armor, eagle emblem. Keep exact same identity across poses. Chest-up western portrait, neutral wanted-poster composition, no text.",
output/characters/npc/npc_10_steel_eagle_idle.png,character,1024x1536,transparent,references/high_noon_master_reference.png,"HIGH NOON mobile game art. cinematic spaghetti western, realistic stylized game art, burnt-orange sunset, deep brown shadows, dusty frontier town, weathered leather and steel, dramatic rim light, grounded anatomy. No text, no logo, no watermark. NPC #10 Steel Eagle, platinum tier, ability none. mechanical eye, steel shoulder armor, eagle emblem. Keep exact same identity across poses. Full-body duel idle facing player, hand near holster. Transparent background.","Generate portrait/idle first, then use accepted identity as reference for later poses."
output/characters/npc/npc_10_steel_eagle_aim.png,character,1024x1536,transparent,references/high_noon_master_reference.png,"HIGH NOON mobile game art. cinematic spaghetti western, realistic stylized game art, burnt-orange sunset, deep brown shadows, dusty frontier town, weathered leather and steel, dramatic rim light, grounded anatomy. No text, no logo, no watermark. NPC #10 Steel Eagle, platinum tier, ability none. mechanical eye, steel shoulder armor, eagle emblem. Keep exact same identity across poses. Full-body quick-draw/aim pose, revolver raised naturally. Transparent background.","Generate portrait/idle first, then use accepted identity as reference for later poses."
output/characters/npc/npc_10_steel_eagle_shoot.png,character,1024x1536,transparent,references/high_noon_master_reference.png,"HIGH NOON mobile game art. cinematic spaghetti western, realistic stylized game art, burnt-orange sunset, deep brown shadows, dusty frontier town, weathered leather and steel, dramatic rim light, grounded anatomy. No text, no logo, no watermark. NPC #10 Steel Eagle, platinum tier, ability none. mechanical eye, steel shoulder armor, eagle emblem. Keep exact same identity across poses. Full-body shooting pose aimed at player, NO muzzle flash baked in. Transparent background.","Generate portrait/idle first, then use accepted identity as reference for later poses."
output/characters/npc/npc_10_steel_eagle_defeat.png,character,1024x1536,transparent,references/high_noon_master_reference.png,"HIGH NOON mobile game art. cinematic spaghetti western, realistic stylized game art, burnt-orange sunset, deep brown shadows, dusty frontier town, weathered leather and steel, dramatic rim light, grounded anatomy. No text, no logo, no watermark. NPC #10 Steel Eagle, platinum tier, ability none. mechanical eye, steel shoulder armor, eagle emblem. Keep exact same identity across poses. Non-gory falling/defeated pose, knees or torso giving way. Transparent background.","Generate portrait/idle first, then use accepted identity as reference for later poses."
output/characters/npc/npc_11_locomotive_portrait.png,portrait,1024x1024,opaque,references/high_noon_master_reference.png,"HIGH NOON mobile game art. cinematic spaghetti western, realistic stylized game art, burnt-orange sunset, deep brown shadows, dusty frontier town, weathered leather and steel, dramatic rim light, grounded anatomy. No text, no logo, no watermark. NPC #11 Locomotive, platinum tier, ability none. massive build, steam engineer coat, forehead goggles. Keep exact same identity across poses. Chest-up western portrait, neutral wanted-poster composition, no text.",
output/characters/npc/npc_11_locomotive_idle.png,character,1024x1536,transparent,references/high_noon_master_reference.png,"HIGH NOON mobile game art. cinematic spaghetti western, realistic stylized game art, burnt-orange sunset, deep brown shadows, dusty frontier town, weathered leather and steel, dramatic rim light, grounded anatomy. No text, no logo, no watermark. NPC #11 Locomotive, platinum tier, ability none. massive build, steam engineer coat, forehead goggles. Keep exact same identity across poses. Full-body duel idle facing player, hand near holster. Transparent background.","Generate portrait/idle first, then use accepted identity as reference for later poses."
output/characters/npc/npc_11_locomotive_aim.png,character,1024x1536,transparent,references/high_noon_master_reference.png,"HIGH NOON mobile game art. cinematic spaghetti western, realistic stylized game art, burnt-orange sunset, deep brown shadows, dusty frontier town, weathered leather and steel, dramatic rim light, grounded anatomy. No text, no logo, no watermark. NPC #11 Locomotive, platinum tier, ability none. massive build, steam engineer coat, forehead goggles. Keep exact same identity across poses. Full-body quick-draw/aim pose, revolver raised naturally. Transparent background.","Generate portrait/idle first, then use accepted identity as reference for later poses."
output/characters/npc/npc_11_locomotive_shoot.png,character,1024x1536,transparent,references/high_noon_master_reference.png,"HIGH NOON mobile game art. cinematic spaghetti western, realistic stylized game art, burnt-orange sunset, deep brown shadows, dusty frontier town, weathered leather and steel, dramatic rim light, grounded anatomy. No text, no logo, no watermark. NPC #11 Locomotive, platinum tier, ability none. massive build, steam engineer coat, forehead goggles. Keep exact same identity across poses. Full-body shooting pose aimed at player, NO muzzle flash baked in. Transparent background.","Generate portrait/idle first, then use accepted identity as reference for later poses."
output/characters/npc/npc_11_locomotive_defeat.png,character,1024x1536,transparent,references/high_noon_master_reference.png,"HIGH NOON mobile game art. cinematic spaghetti western, realistic stylized game art, burnt-orange sunset, deep brown shadows, dusty frontier town, weathered leather and steel, dramatic rim light, grounded anatomy. No text, no logo, no watermark. NPC #11 Locomotive, platinum tier, ability none. massive build, steam engineer coat, forehead goggles. Keep exact same identity across poses. Non-gory falling/defeated pose, knees or torso giving way. Transparent background.","Generate portrait/idle first, then use accepted identity as reference for later poses."
output/characters/npc/npc_12_black_iron_portrait.png,portrait,1024x1024,opaque,references/high_noon_master_reference.png,"HIGH NOON mobile game art. cinematic spaghetti western, realistic stylized game art, burnt-orange sunset, deep brown shadows, dusty frontier town, weathered leather and steel, dramatic rim light, grounded anatomy. No text, no logo, no watermark. NPC #12 Black Iron, platinum tier, ability none. black iron armor, hidden face, obsidian revolver. Keep exact same identity across poses. Chest-up western portrait, neutral wanted-poster composition, no text.",
output/characters/npc/npc_12_black_iron_idle.png,character,1024x1536,transparent,references/high_noon_master_reference.png,"HIGH NOON mobile game art. cinematic spaghetti western, realistic stylized game art, burnt-orange sunset, deep brown shadows, dusty frontier town, weathered leather and steel, dramatic rim light, grounded anatomy. No text, no logo, no watermark. NPC #12 Black Iron, platinum tier, ability none. black iron armor, hidden face, obsidian revolver. Keep exact same identity across poses. Full-body duel idle facing player, hand near holster. Transparent background.","Generate portrait/idle first, then use accepted identity as reference for later poses."
output/characters/npc/npc_12_black_iron_aim.png,character,1024x1536,transparent,references/high_noon_master_reference.png,"HIGH NOON mobile game art. cinematic spaghetti western, realistic stylized game art, burnt-orange sunset, deep brown shadows, dusty frontier town, weathered leather and steel, dramatic rim light, grounded anatomy. No text, no logo, no watermark. NPC #12 Black Iron, platinum tier, ability none. black iron armor, hidden face, obsidian revolver. Keep exact same identity across poses. Full-body quick-draw/aim pose, revolver raised naturally. Transparent background.","Generate portrait/idle first, then use accepted identity as reference for later poses."
output/characters/npc/npc_12_black_iron_shoot.png,character,1024x1536,transparent,references/high_noon_master_reference.png,"HIGH NOON mobile game art. cinematic spaghetti western, realistic stylized game art, burnt-orange sunset, deep brown shadows, dusty frontier town, weathered leather and steel, dramatic rim light, grounded anatomy. No text, no logo, no watermark. NPC #12 Black Iron, platinum tier, ability none. black iron armor, hidden face, obsidian revolver. Keep exact same identity across poses. Full-body shooting pose aimed at player, NO muzzle flash baked in. Transparent background.","Generate portrait/idle first, then use accepted identity as reference for later poses."
output/characters/npc/npc_12_black_iron_defeat.png,character,1024x1536,transparent,references/high_noon_master_reference.png,"HIGH NOON mobile game art. cinematic spaghetti western, realistic stylized game art, burnt-orange sunset, deep brown shadows, dusty frontier town, weathered leather and steel, dramatic rim light, grounded anatomy. No text, no logo, no watermark. NPC #12 Black Iron, platinum tier, ability none. black iron armor, hidden face, obsidian revolver. Keep exact same identity across poses. Non-gory falling/defeated pose, knees or torso giving way. Transparent background.","Generate portrait/idle first, then use accepted identity as reference for later poses."
output/characters/npc/npc_13_mirror_jack_portrait.png,portrait,1024x1024,opaque,references/high_noon_master_reference.png,"HIGH NOON mobile game art. cinematic spaghetti western, realistic stylized game art, burnt-orange sunset, deep brown shadows, dusty frontier town, weathered leather and steel, dramatic rim light, grounded anatomy. No text, no logo, no watermark. NPC #13 Mirror Jack, diamond tier, ability mirror. cracked mirror mask, unsettling symmetry. Keep exact same identity across poses. Chest-up western portrait, neutral wanted-poster composition, no text.",
output/characters/npc/npc_13_mirror_jack_idle.png,character,1024x1536,transparent,references/high_noon_master_reference.png,"HIGH NOON mobile game art. cinematic spaghetti western, realistic stylized game art, burnt-orange sunset, deep brown shadows, dusty frontier town, weathered leather and steel, dramatic rim light, grounded anatomy. No text, no logo, no watermark. NPC #13 Mirror Jack, diamond tier, ability mirror. cracked mirror mask, unsettling symmetry. Keep exact same identity across poses. Full-body duel idle facing player, hand near holster. Transparent background.","Generate portrait/idle first, then use accepted identity as reference for later poses."
output/characters/npc/npc_13_mirror_jack_aim.png,character,1024x1536,transparent,references/high_noon_master_reference.png,"HIGH NOON mobile game art. cinematic spaghetti western, realistic stylized game art, burnt-orange sunset, deep brown shadows, dusty frontier town, weathered leather and steel, dramatic rim light, grounded anatomy. No text, no logo, no watermark. NPC #13 Mirror Jack, diamond tier, ability mirror. cracked mirror mask, unsettling symmetry. Keep exact same identity across poses. Full-body quick-draw/aim pose, revolver raised naturally. Transparent background.","Generate portrait/idle first, then use accepted identity as reference for later poses."
output/characters/npc/npc_13_mirror_jack_shoot.png,character,1024x1536,transparent,references/high_noon_master_reference.png,"HIGH NOON mobile game art. cinematic spaghetti western, realistic stylized game art, burnt-orange sunset, deep brown shadows, dusty frontier town, weathered leather and steel, dramatic rim light, grounded anatomy. No text, no logo, no watermark. NPC #13 Mirror Jack, diamond tier, ability mirror. cracked mirror mask, unsettling symmetry. Keep exact same identity across poses. Full-body shooting pose aimed at player, NO muzzle flash baked in. Transparent background.","Generate portrait/idle first, then use accepted identity as reference for later poses."
output/characters/npc/npc_13_mirror_jack_defeat.png,character,1024x1536,transparent,references/high_noon_master_reference.png,"HIGH NOON mobile game art. cinematic spaghetti western, realistic stylized game art, burnt-orange sunset, deep brown shadows, dusty frontier town, weathered leather and steel, dramatic rim light, grounded anatomy. No text, no logo, no watermark. NPC #13 Mirror Jack, diamond tier, ability mirror. cracked mirror mask, unsettling symmetry. Keep exact same identity across poses. Non-gory falling/defeated pose, knees or torso giving way. Transparent background.","Generate portrait/idle first, then use accepted identity as reference for later poses."
output/characters/npc/npc_14_thunderbolt_portrait.png,portrait,1024x1024,opaque,references/high_noon_master_reference.png,"HIGH NOON mobile game art. cinematic spaghetti western, realistic stylized game art, burnt-orange sunset, deep brown shadows, dusty frontier town, weathered leather and steel, dramatic rim light, grounded anatomy. No text, no logo, no watermark. NPC #14 Thunderbolt, diamond tier, ability thunderbolt. lightning facial scar, dark storm coat. Keep exact same identity across poses. Chest-up western portrait, neutral wanted-poster composition, no text.",
output/characters/npc/npc_14_thunderbolt_idle.png,character,1024x1536,transparent,references/high_noon_master_reference.png,"HIGH NOON mobile game art. cinematic spaghetti western, realistic stylized game art, burnt-orange sunset, deep brown shadows, dusty frontier town, weathered leather and steel, dramatic rim light, grounded anatomy. No text, no logo, no watermark. NPC #14 Thunderbolt, diamond tier, ability thunderbolt. lightning facial scar, dark storm coat. Keep exact same identity across poses. Full-body duel idle facing player, hand near holster. Transparent background.","Generate portrait/idle first, then use accepted identity as reference for later poses."
output/characters/npc/npc_14_thunderbolt_aim.png,character,1024x1536,transparent,references/high_noon_master_reference.png,"HIGH NOON mobile game art. cinematic spaghetti western, realistic stylized game art, burnt-orange sunset, deep brown shadows, dusty frontier town, weathered leather and steel, dramatic rim light, grounded anatomy. No text, no logo, no watermark. NPC #14 Thunderbolt, diamond tier, ability thunderbolt. lightning facial scar, dark storm coat. Keep exact same identity across poses. Full-body quick-draw/aim pose, revolver raised naturally. Transparent background.","Generate portrait/idle first, then use accepted identity as reference for later poses."
output/characters/npc/npc_14_thunderbolt_shoot.png,character,1024x1536,transparent,references/high_noon_master_reference.png,"HIGH NOON mobile game art. cinematic spaghetti western, realistic stylized game art, burnt-orange sunset, deep brown shadows, dusty frontier town, weathered leather and steel, dramatic rim light, grounded anatomy. No text, no logo, no watermark. NPC #14 Thunderbolt, diamond tier, ability thunderbolt. lightning facial scar, dark storm coat. Keep exact same identity across poses. Full-body shooting pose aimed at player, NO muzzle flash baked in. Transparent background.","Generate portrait/idle first, then use accepted identity as reference for later poses."
output/characters/npc/npc_14_thunderbolt_defeat.png,character,1024x1536,transparent,references/high_noon_master_reference.png,"HIGH NOON mobile game art. cinematic spaghetti western, realistic stylized game art, burnt-orange sunset, deep brown shadows, dusty frontier town, weathered leather and steel, dramatic rim light, grounded anatomy. No text, no logo, no watermark. NPC #14 Thunderbolt, diamond tier, ability thunderbolt. lightning facial scar, dark storm coat. Keep exact same identity across poses. Non-gory falling/defeated pose, knees or torso giving way. Transparent background.","Generate portrait/idle first, then use accepted identity as reference for later poses."
output/characters/npc/npc_15_shadow_hunter_portrait.png,portrait,1024x1024,opaque,references/high_noon_master_reference.png,"HIGH NOON mobile game art. cinematic spaghetti western, realistic stylized game art, burnt-orange sunset, deep brown shadows, dusty frontier town, weathered leather and steel, dramatic rim light, grounded anatomy. No text, no logo, no watermark. NPC #15 Shadow Hunter, diamond tier, ability blindBang. shadowy cloak, smoke trails, white eyes. Keep exact same identity across poses. Chest-up western portrait, neutral wanted-poster composition, no text.",
output/characters/npc/npc_15_shadow_hunter_idle.png,character,1024x1536,transparent,references/high_noon_master_reference.png,"HIGH NOON mobile game art. cinematic spaghetti western, realistic stylized game art, burnt-orange sunset, deep brown shadows, dusty frontier town, weathered leather and steel, dramatic rim light, grounded anatomy. No text, no logo, no watermark. NPC #15 Shadow Hunter, diamond tier, ability blindBang. shadowy cloak, smoke trails, white eyes. Keep exact same identity across poses. Full-body duel idle facing player, hand near holster. Transparent background.","Generate portrait/idle first, then use accepted identity as reference for later poses."
output/characters/npc/npc_15_shadow_hunter_aim.png,character,1024x1536,transparent,references/high_noon_master_reference.png,"HIGH NOON mobile game art. cinematic spaghetti western, realistic stylized game art, burnt-orange sunset, deep brown shadows, dusty frontier town, weathered leather and steel, dramatic rim light, grounded anatomy. No text, no logo, no watermark. NPC #15 Shadow Hunter, diamond tier, ability blindBang. shadowy cloak, smoke trails, white eyes. Keep exact same identity across poses. Full-body quick-draw/aim pose, revolver raised naturally. Transparent background.","Generate portrait/idle first, then use accepted identity as reference for later poses."
output/characters/npc/npc_15_shadow_hunter_shoot.png,character,1024x1536,transparent,references/high_noon_master_reference.png,"HIGH NOON mobile game art. cinematic spaghetti western, realistic stylized game art, burnt-orange sunset, deep brown shadows, dusty frontier town, weathered leather and steel, dramatic rim light, grounded anatomy. No text, no logo, no watermark. NPC #15 Shadow Hunter, diamond tier, ability blindBang. shadowy cloak, smoke trails, white eyes. Keep exact same identity across poses. Full-body shooting pose aimed at player, NO muzzle flash baked in. Transparent background.","Generate portrait/idle first, then use accepted identity as reference for later poses."
output/characters/npc/npc_15_shadow_hunter_defeat.png,character,1024x1536,transparent,references/high_noon_master_reference.png,"HIGH NOON mobile game art. cinematic spaghetti western, realistic stylized game art, burnt-orange sunset, deep brown shadows, dusty frontier town, weathered leather and steel, dramatic rim light, grounded anatomy. No text, no logo, no watermark. NPC #15 Shadow Hunter, diamond tier, ability blindBang. shadowy cloak, smoke trails, white eyes. Keep exact same identity across poses. Non-gory falling/defeated pose, knees or torso giving way. Transparent background.","Generate portrait/idle first, then use accepted identity as reference for later poses."
output/characters/npc/npc_16_venom_portrait.png,portrait,1024x1024,opaque,references/high_noon_master_reference.png,"HIGH NOON mobile game art. cinematic spaghetti western, realistic stylized game art, burnt-orange sunset, deep brown shadows, dusty frontier town, weathered leather and steel, dramatic rim light, grounded anatomy. No text, no logo, no watermark. NPC #16 Venom, master tier, ability screenShakeLight. venom motif, spiked collar, reptile leather. Keep exact same identity across poses. Chest-up western portrait, neutral wanted-poster composition, no text.",
output/characters/npc/npc_16_venom_idle.png,character,1024x1536,transparent,references/high_noon_master_reference.png,"HIGH NOON mobile game art. cinematic spaghetti western, realistic stylized game art, burnt-orange sunset, deep brown shadows, dusty frontier town, weathered leather and steel, dramatic rim light, grounded anatomy. No text, no logo, no watermark. NPC #16 Venom, master tier, ability screenShakeLight. venom motif, spiked collar, reptile leather. Keep exact same identity across poses. Full-body duel idle facing player, hand near holster. Transparent background.","Generate portrait/idle first, then use accepted identity as reference for later poses."
output/characters/npc/npc_16_venom_aim.png,character,1024x1536,transparent,references/high_noon_master_reference.png,"HIGH NOON mobile game art. cinematic spaghetti western, realistic stylized game art, burnt-orange sunset, deep brown shadows, dusty frontier town, weathered leather and steel, dramatic rim light, grounded anatomy. No text, no logo, no watermark. NPC #16 Venom, master tier, ability screenShakeLight. venom motif, spiked collar, reptile leather. Keep exact same identity across poses. Full-body quick-draw/aim pose, revolver raised naturally. Transparent background.","Generate portrait/idle first, then use accepted identity as reference for later poses."
output/characters/npc/npc_16_venom_shoot.png,character,1024x1536,transparent,references/high_noon_master_reference.png,"HIGH NOON mobile game art. cinematic spaghetti western, realistic stylized game art, burnt-orange sunset, deep brown shadows, dusty frontier town, weathered leather and steel, dramatic rim light, grounded anatomy. No text, no logo, no watermark. NPC #16 Venom, master tier, ability screenShakeLight. venom motif, spiked collar, reptile leather. Keep exact same identity across poses. Full-body shooting pose aimed at player, NO muzzle flash baked in. Transparent background.","Generate portrait/idle first, then use accepted identity as reference for later poses."
output/characters/npc/npc_16_venom_defeat.png,character,1024x1536,transparent,references/high_noon_master_reference.png,"HIGH NOON mobile game art. cinematic spaghetti western, realistic stylized game art, burnt-orange sunset, deep brown shadows, dusty frontier town, weathered leather and steel, dramatic rim light, grounded anatomy. No text, no logo, no watermark. NPC #16 Venom, master tier, ability screenShakeLight. venom motif, spiked collar, reptile leather. Keep exact same identity across poses. Non-gory falling/defeated pose, knees or torso giving way. Transparent background.","Generate portrait/idle first, then use accepted identity as reference for later poses."
output/characters/npc/npc_17_dryden_portrait.png,portrait,1024x1024,opaque,references/high_noon_master_reference.png,"HIGH NOON mobile game art. cinematic spaghetti western, realistic stylized game art, burnt-orange sunset, deep brown shadows, dusty frontier town, weathered leather and steel, dramatic rim light, grounded anatomy. No text, no logo, no watermark. NPC #17 Dryden, master tier, ability screenShakeMedium. pale skin, red-rimmed eyes, black longcoat. Keep exact same identity across poses. Chest-up western portrait, neutral wanted-poster composition, no text.",
output/characters/npc/npc_17_dryden_idle.png,character,1024x1536,transparent,references/high_noon_master_reference.png,"HIGH NOON mobile game art. cinematic spaghetti western, realistic stylized game art, burnt-orange sunset, deep brown shadows, dusty frontier town, weathered leather and steel, dramatic rim light, grounded anatomy. No text, no logo, no watermark. NPC #17 Dryden, master tier, ability screenShakeMedium. pale skin, red-rimmed eyes, black longcoat. Keep exact same identity across poses. Full-body duel idle facing player, hand near holster. Transparent background.","Generate portrait/idle first, then use accepted identity as reference for later poses."
output/characters/npc/npc_17_dryden_aim.png,character,1024x1536,transparent,references/high_noon_master_reference.png,"HIGH NOON mobile game art. cinematic spaghetti western, realistic stylized game art, burnt-orange sunset, deep brown shadows, dusty frontier town, weathered leather and steel, dramatic rim light, grounded anatomy. No text, no logo, no watermark. NPC #17 Dryden, master tier, ability screenShakeMedium. pale skin, red-rimmed eyes, black longcoat. Keep exact same identity across poses. Full-body quick-draw/aim pose, revolver raised naturally. Transparent background.","Generate portrait/idle first, then use accepted identity as reference for later poses."
output/characters/npc/npc_17_dryden_shoot.png,character,1024x1536,transparent,references/high_noon_master_reference.png,"HIGH NOON mobile game art. cinematic spaghetti western, realistic stylized game art, burnt-orange sunset, deep brown shadows, dusty frontier town, weathered leather and steel, dramatic rim light, grounded anatomy. No text, no logo, no watermark. NPC #17 Dryden, master tier, ability screenShakeMedium. pale skin, red-rimmed eyes, black longcoat. Keep exact same identity across poses. Full-body shooting pose aimed at player, NO muzzle flash baked in. Transparent background.","Generate portrait/idle first, then use accepted identity as reference for later poses."
output/characters/npc/npc_17_dryden_defeat.png,character,1024x1536,transparent,references/high_noon_master_reference.png,"HIGH NOON mobile game art. cinematic spaghetti western, realistic stylized game art, burnt-orange sunset, deep brown shadows, dusty frontier town, weathered leather and steel, dramatic rim light, grounded anatomy. No text, no logo, no watermark. NPC #17 Dryden, master tier, ability screenShakeMedium. pale skin, red-rimmed eyes, black longcoat. Keep exact same identity across poses. Non-gory falling/defeated pose, knees or torso giving way. Transparent background.","Generate portrait/idle first, then use accepted identity as reference for later poses."
output/characters/npc/npc_18_red_eye_portrait.png,portrait,1024x1024,opaque,references/high_noon_master_reference.png,"HIGH NOON mobile game art. cinematic spaghetti western, realistic stylized game art, burnt-orange sunset, deep brown shadows, dusty frontier town, weathered leather and steel, dramatic rim light, grounded anatomy. No text, no logo, no watermark. NPC #18 Red Eye, master tier, ability screenShakeHeavy. red eye motifs, damaged prophet-like longcoat. Keep exact same identity across poses. Chest-up western portrait, neutral wanted-poster composition, no text.",
output/characters/npc/npc_18_red_eye_idle.png,character,1024x1536,transparent,references/high_noon_master_reference.png,"HIGH NOON mobile game art. cinematic spaghetti western, realistic stylized game art, burnt-orange sunset, deep brown shadows, dusty frontier town, weathered leather and steel, dramatic rim light, grounded anatomy. No text, no logo, no watermark. NPC #18 Red Eye, master tier, ability screenShakeHeavy. red eye motifs, damaged prophet-like longcoat. Keep exact same identity across poses. Full-body duel idle facing player, hand near holster. Transparent background.","Generate portrait/idle first, then use accepted identity as reference for later poses."
output/characters/npc/npc_18_red_eye_aim.png,character,1024x1536,transparent,references/high_noon_master_reference.png,"HIGH NOON mobile game art. cinematic spaghetti western, realistic stylized game art, burnt-orange sunset, deep brown shadows, dusty frontier town, weathered leather and steel, dramatic rim light, grounded anatomy. No text, no logo, no watermark. NPC #18 Red Eye, master tier, ability screenShakeHeavy. red eye motifs, damaged prophet-like longcoat. Keep exact same identity across poses. Full-body quick-draw/aim pose, revolver raised naturally. Transparent background.","Generate portrait/idle first, then use accepted identity as reference for later poses."
output/characters/npc/npc_18_red_eye_shoot.png,character,1024x1536,transparent,references/high_noon_master_reference.png,"HIGH NOON mobile game art. cinematic spaghetti western, realistic stylized game art, burnt-orange sunset, deep brown shadows, dusty frontier town, weathered leather and steel, dramatic rim light, grounded anatomy. No text, no logo, no watermark. NPC #18 Red Eye, master tier, ability screenShakeHeavy. red eye motifs, damaged prophet-like longcoat. Keep exact same identity across poses. Full-body shooting pose aimed at player, NO muzzle flash baked in. Transparent background.","Generate portrait/idle first, then use accepted identity as reference for later poses."
output/characters/npc/npc_18_red_eye_defeat.png,character,1024x1536,transparent,references/high_noon_master_reference.png,"HIGH NOON mobile game art. cinematic spaghetti western, realistic stylized game art, burnt-orange sunset, deep brown shadows, dusty frontier town, weathered leather and steel, dramatic rim light, grounded anatomy. No text, no logo, no watermark. NPC #18 Red Eye, master tier, ability screenShakeHeavy. red eye motifs, damaged prophet-like longcoat. Keep exact same identity across poses. Non-gory falling/defeated pose, knees or torso giving way. Transparent background.","Generate portrait/idle first, then use accepted identity as reference for later poses."
output/characters/npc/npc_19_the_void_portrait.png,portrait,1024x1024,opaque,references/high_noon_master_reference.png,"HIGH NOON mobile game art. cinematic spaghetti western, realistic stylized game art, burnt-orange sunset, deep brown shadows, dusty frontier town, weathered leather and steel, dramatic rim light, grounded anatomy. No text, no logo, no watermark. NPC #19 The Void, legend tier, ability invertedSignals. hooded gunslinger partly swallowed by black cosmic void. Keep exact same identity across poses. Chest-up western portrait, neutral wanted-poster composition, no text.",
output/characters/npc/npc_19_the_void_idle.png,character,1024x1536,transparent,references/high_noon_master_reference.png,"HIGH NOON mobile game art. cinematic spaghetti western, realistic stylized game art, burnt-orange sunset, deep brown shadows, dusty frontier town, weathered leather and steel, dramatic rim light, grounded anatomy. No text, no logo, no watermark. NPC #19 The Void, legend tier, ability invertedSignals. hooded gunslinger partly swallowed by black cosmic void. Keep exact same identity across poses. Full-body duel idle facing player, hand near holster. Transparent background.","Generate portrait/idle first, then use accepted identity as reference for later poses."
output/characters/npc/npc_19_the_void_aim.png,character,1024x1536,transparent,references/high_noon_master_reference.png,"HIGH NOON mobile game art. cinematic spaghetti western, realistic stylized game art, burnt-orange sunset, deep brown shadows, dusty frontier town, weathered leather and steel, dramatic rim light, grounded anatomy. No text, no logo, no watermark. NPC #19 The Void, legend tier, ability invertedSignals. hooded gunslinger partly swallowed by black cosmic void. Keep exact same identity across poses. Full-body quick-draw/aim pose, revolver raised naturally. Transparent background.","Generate portrait/idle first, then use accepted identity as reference for later poses."
output/characters/npc/npc_19_the_void_shoot.png,character,1024x1536,transparent,references/high_noon_master_reference.png,"HIGH NOON mobile game art. cinematic spaghetti western, realistic stylized game art, burnt-orange sunset, deep brown shadows, dusty frontier town, weathered leather and steel, dramatic rim light, grounded anatomy. No text, no logo, no watermark. NPC #19 The Void, legend tier, ability invertedSignals. hooded gunslinger partly swallowed by black cosmic void. Keep exact same identity across poses. Full-body shooting pose aimed at player, NO muzzle flash baked in. Transparent background.","Generate portrait/idle first, then use accepted identity as reference for later poses."
output/characters/npc/npc_19_the_void_defeat.png,character,1024x1536,transparent,references/high_noon_master_reference.png,"HIGH NOON mobile game art. cinematic spaghetti western, realistic stylized game art, burnt-orange sunset, deep brown shadows, dusty frontier town, weathered leather and steel, dramatic rim light, grounded anatomy. No text, no logo, no watermark. NPC #19 The Void, legend tier, ability invertedSignals. hooded gunslinger partly swallowed by black cosmic void. Keep exact same identity across poses. Non-gory falling/defeated pose, knees or torso giving way. Transparent background.","Generate portrait/idle first, then use accepted identity as reference for later poses."
output/characters/npc/npc_20_the_echo_portrait.png,portrait,1024x1024,opaque,references/high_noon_master_reference.png,"HIGH NOON mobile game art. cinematic spaghetti western, realistic stylized game art, burnt-orange sunset, deep brown shadows, dusty frontier town, weathered leather and steel, dramatic rim light, grounded anatomy. No text, no logo, no watermark. NPC #20 The Echo, legend tier, ability echoReady. aged ghostly gunslinger with translucent afterimage. Keep exact same identity across poses. Chest-up western portrait, neutral wanted-poster composition, no text.",
output/characters/npc/npc_20_the_echo_idle.png,character,1024x1536,transparent,references/high_noon_master_reference.png,"HIGH NOON mobile game art. cinematic spaghetti western, realistic stylized game art, burnt-orange sunset, deep brown shadows, dusty frontier town, weathered leather and steel, dramatic rim light, grounded anatomy. No text, no logo, no watermark. NPC #20 The Echo, legend tier, ability echoReady. aged ghostly gunslinger with translucent afterimage. Keep exact same identity across poses. Full-body duel idle facing player, hand near holster. Transparent background.","Generate portrait/idle first, then use accepted identity as reference for later poses."
output/characters/npc/npc_20_the_echo_aim.png,character,1024x1536,transparent,references/high_noon_master_reference.png,"HIGH NOON mobile game art. cinematic spaghetti western, realistic stylized game art, burnt-orange sunset, deep brown shadows, dusty frontier town, weathered leather and steel, dramatic rim light, grounded anatomy. No text, no logo, no watermark. NPC #20 The Echo, legend tier, ability echoReady. aged ghostly gunslinger with translucent afterimage. Keep exact same identity across poses. Full-body quick-draw/aim pose, revolver raised naturally. Transparent background.","Generate portrait/idle first, then use accepted identity as reference for later poses."
output/characters/npc/npc_20_the_echo_shoot.png,character,1024x1536,transparent,references/high_noon_master_reference.png,"HIGH NOON mobile game art. cinematic spaghetti western, realistic stylized game art, burnt-orange sunset, deep brown shadows, dusty frontier town, weathered leather and steel, dramatic rim light, grounded anatomy. No text, no logo, no watermark. NPC #20 The Echo, legend tier, ability echoReady. aged ghostly gunslinger with translucent afterimage. Keep exact same identity across poses. Full-body shooting pose aimed at player, NO muzzle flash baked in. Transparent background.","Generate portrait/idle first, then use accepted identity as reference for later poses."
output/characters/npc/npc_20_the_echo_defeat.png,character,1024x1536,transparent,references/high_noon_master_reference.png,"HIGH NOON mobile game art. cinematic spaghetti western, realistic stylized game art, burnt-orange sunset, deep brown shadows, dusty frontier town, weathered leather and steel, dramatic rim light, grounded anatomy. No text, no logo, no watermark. NPC #20 The Echo, legend tier, ability echoReady. aged ghostly gunslinger with translucent afterimage. Keep exact same identity across poses. Non-gory falling/defeated pose, knees or torso giving way. Transparent background.","Generate portrait/idle first, then use accepted identity as reference for later poses."
output/characters/npc/npc_21_the_undertaker_portrait.png,portrait,1024x1024,opaque,references/high_noon_master_reference.png,"HIGH NOON mobile game art. cinematic spaghetti western, realistic stylized game art, burnt-orange sunset, deep brown shadows, dusty frontier town, weathered leather and steel, dramatic rim light, grounded anatomy. No text, no logo, no watermark. NPC #21 The Undertaker, legend tier, ability chaosRandom. funeral-black suit, coffin motif, skull cane. Keep exact same identity across poses. Chest-up western portrait, neutral wanted-poster composition, no text.",
output/characters/npc/npc_21_the_undertaker_idle.png,character,1024x1536,transparent,references/high_noon_master_reference.png,"HIGH NOON mobile game art. cinematic spaghetti western, realistic stylized game art, burnt-orange sunset, deep brown shadows, dusty frontier town, weathered leather and steel, dramatic rim light, grounded anatomy. No text, no logo, no watermark. NPC #21 The Undertaker, legend tier, ability chaosRandom. funeral-black suit, coffin motif, skull cane. Keep exact same identity across poses. Full-body duel idle facing player, hand near holster. Transparent background.","Generate portrait/idle first, then use accepted identity as reference for later poses."
output/characters/npc/npc_21_the_undertaker_aim.png,character,1024x1536,transparent,references/high_noon_master_reference.png,"HIGH NOON mobile game art. cinematic spaghetti western, realistic stylized game art, burnt-orange sunset, deep brown shadows, dusty frontier town, weathered leather and steel, dramatic rim light, grounded anatomy. No text, no logo, no watermark. NPC #21 The Undertaker, legend tier, ability chaosRandom. funeral-black suit, coffin motif, skull cane. Keep exact same identity across poses. Full-body quick-draw/aim pose, revolver raised naturally. Transparent background.","Generate portrait/idle first, then use accepted identity as reference for later poses."
output/characters/npc/npc_21_the_undertaker_shoot.png,character,1024x1536,transparent,references/high_noon_master_reference.png,"HIGH NOON mobile game art. cinematic spaghetti western, realistic stylized game art, burnt-orange sunset, deep brown shadows, dusty frontier town, weathered leather and steel, dramatic rim light, grounded anatomy. No text, no logo, no watermark. NPC #21 The Undertaker, legend tier, ability chaosRandom. funeral-black suit, coffin motif, skull cane. Keep exact same identity across poses. Full-body shooting pose aimed at player, NO muzzle flash baked in. Transparent background.","Generate portrait/idle first, then use accepted identity as reference for later poses."
output/characters/npc/npc_21_the_undertaker_defeat.png,character,1024x1536,transparent,references/high_noon_master_reference.png,"HIGH NOON mobile game art. cinematic spaghetti western, realistic stylized game art, burnt-orange sunset, deep brown shadows, dusty frontier town, weathered leather and steel, dramatic rim light, grounded anatomy. No text, no logo, no watermark. NPC #21 The Undertaker, legend tier, ability chaosRandom. funeral-black suit, coffin motif, skull cane. Keep exact same identity across poses. Non-gory falling/defeated pose, knees or torso giving way. Transparent background.","Generate portrait/idle first, then use accepted identity as reference for later poses."
output/characters/npc/npc_22_pale_rider_portrait.png,portrait,1024x1024,opaque,references/high_noon_master_reference.png,"HIGH NOON mobile game art. cinematic spaghetti western, realistic stylized game art, burnt-orange sunset, deep brown shadows, dusty frontier town, weathered leather and steel, dramatic rim light, grounded anatomy. No text, no logo, no watermark. NPC #22 Pale Rider, hidden tier, ability paleSilence. white horse-skull motif, bleached bone accents, no visible face. Keep exact same identity across poses. Chest-up western portrait, neutral wanted-poster composition, no text.",
output/characters/npc/npc_22_pale_rider_idle.png,character,1024x1536,transparent,references/high_noon_master_reference.png,"HIGH NOON mobile game art. cinematic spaghetti western, realistic stylized game art, burnt-orange sunset, deep brown shadows, dusty frontier town, weathered leather and steel, dramatic rim light, grounded anatomy. No text, no logo, no watermark. NPC #22 Pale Rider, hidden tier, ability paleSilence. white horse-skull motif, bleached bone accents, no visible face. Keep exact same identity across poses. Full-body duel idle facing player, hand near holster. Transparent background.","Generate portrait/idle first, then use accepted identity as reference for later poses."
output/characters/npc/npc_22_pale_rider_aim.png,character,1024x1536,transparent,references/high_noon_master_reference.png,"HIGH NOON mobile game art. cinematic spaghetti western, realistic stylized game art, burnt-orange sunset, deep brown shadows, dusty frontier town, weathered leather and steel, dramatic rim light, grounded anatomy. No text, no logo, no watermark. NPC #22 Pale Rider, hidden tier, ability paleSilence. white horse-skull motif, bleached bone accents, no visible face. Keep exact same identity across poses. Full-body quick-draw/aim pose, revolver raised naturally. Transparent background.","Generate portrait/idle first, then use accepted identity as reference for later poses."
output/characters/npc/npc_22_pale_rider_shoot.png,character,1024x1536,transparent,references/high_noon_master_reference.png,"HIGH NOON mobile game art. cinematic spaghetti western, realistic stylized game art, burnt-orange sunset, deep brown shadows, dusty frontier town, weathered leather and steel, dramatic rim light, grounded anatomy. No text, no logo, no watermark. NPC #22 Pale Rider, hidden tier, ability paleSilence. white horse-skull motif, bleached bone accents, no visible face. Keep exact same identity across poses. Full-body shooting pose aimed at player, NO muzzle flash baked in. Transparent background.","Generate portrait/idle first, then use accepted identity as reference for later poses."
output/characters/npc/npc_22_pale_rider_defeat.png,character,1024x1536,transparent,references/high_noon_master_reference.png,"HIGH NOON mobile game art. cinematic spaghetti western, realistic stylized game art, burnt-orange sunset, deep brown shadows, dusty frontier town, weathered leather and steel, dramatic rim light, grounded anatomy. No text, no logo, no watermark. NPC #22 Pale Rider, hidden tier, ability paleSilence. white horse-skull motif, bleached bone accents, no visible face. Keep exact same identity across poses. Non-gory falling/defeated pose, knees or torso giving way. Transparent background.","Generate portrait/idle first, then use accepted identity as reference for later poses."
output/weapons/player_hand_revolver_idle.png,weapon,1024x1024,transparent,references/high_noon_master_reference.png,"HIGH NOON mobile game art. cinematic spaghetti western, realistic stylized game art, burnt-orange sunset, deep brown shadows, dusty frontier town, weathered leather and steel, dramatic rim light, grounded anatomy. No text, no logo, no watermark. First-person right hand holding classic single-action revolver low in frame, natural anatomy.",
output/weapons/player_hand_revolver_fire.png,weapon,1024x1024,transparent,references/high_noon_master_reference.png,"HIGH NOON mobile game art. cinematic spaghetti western, realistic stylized game art, burnt-orange sunset, deep brown shadows, dusty frontier town, weathered leather and steel, dramatic rim light, grounded anatomy. No text, no logo, no watermark. First-person right hand firing classic single-action revolver from lower-right; recoil visible; NO muzzle flash.",
output/weapons/revolver_side.png,weapon,1024x1024,transparent,references/high_noon_master_reference.png,"HIGH NOON mobile game art. cinematic spaghetti western, realistic stylized game art, burnt-orange sunset, deep brown shadows, dusty frontier town, weathered leather and steel, dramatic rim light, grounded anatomy. No text, no logo, no watermark. Classic dark steel single-action western revolver with walnut grip, clean side profile.",
output/effects/muzzle_flash.png,effect,1024x1024,transparent,references/high_noon_master_reference.png,"HIGH NOON mobile game art. cinematic spaghetti western, realistic stylized game art, burnt-orange sunset, deep brown shadows, dusty frontier town, weathered leather and steel, dramatic rim light, grounded anatomy. No text, no logo, no watermark. Compact revolver muzzle flash, orange-white core, sparse sparks. Isolated effect only.",
output/effects/gun_smoke.png,effect,1024x1024,transparent,references/high_noon_master_reference.png,"HIGH NOON mobile game art. cinematic spaghetti western, realistic stylized game art, burnt-orange sunset, deep brown shadows, dusty frontier town, weathered leather and steel, dramatic rim light, grounded anatomy. No text, no logo, no watermark. Small gray-white revolver smoke puff with wispy edges. Isolated effect only.",
output/effects/dust_impact.png,effect,1024x1024,transparent,references/high_noon_master_reference.png,"HIGH NOON mobile game art. cinematic spaghetti western, realistic stylized game art, burnt-orange sunset, deep brown shadows, dusty frontier town, weathered leather and steel, dramatic rim light, grounded anatomy. No text, no logo, no watermark. Dry desert dirt impact burst with small particles. Isolated effect only.",
output/effects/dust_cloud.png,effect,1024x1024,transparent,references/high_noon_master_reference.png,"HIGH NOON mobile game art. cinematic spaghetti western, realistic stylized game art, burnt-orange sunset, deep brown shadows, dusty frontier town, weathered leather and steel, dramatic rim light, grounded anatomy. No text, no logo, no watermark. Low ground dust cloud for a falling body. Isolated effect only.",
output/effects/lightning.png,effect,1024x1024,transparent,references/high_noon_master_reference.png,"HIGH NOON mobile game art. cinematic spaghetti western, realistic stylized game art, burnt-orange sunset, deep brown shadows, dusty frontier town, weathered leather and steel, dramatic rim light, grounded anatomy. No text, no logo, no watermark. Sharp white-gold storm lightning effect for Thunderbolt cue. Isolated effect only.",
output/effects/void_crack.png,effect,1024x1024,transparent,references/high_noon_master_reference.png,"HIGH NOON mobile game art. cinematic spaghetti western, realistic stylized game art, burnt-orange sunset, deep brown shadows, dusty frontier town, weathered leather and steel, dramatic rim light, grounded anatomy. No text, no logo, no watermark. Restrained black-violet dimensional crack effect for Void. Isolated effect only.",
output/ui/textures/wanted_paper.png,texture,1024x1536,opaque,references/high_noon_master_reference.png,"HIGH NOON mobile game art. cinematic spaghetti western, realistic stylized game art, burnt-orange sunset, deep brown shadows, dusty frontier town, weathered leather and steel, dramatic rim light, grounded anatomy. No text, no logo, no watermark. Blank aged western wanted-poster paper, rough torn edges, subtle stains, absolutely no text.",
output/ui/textures/leather_panel.png,texture,1536x1024,opaque,references/high_noon_master_reference.png,"HIGH NOON mobile game art. cinematic spaghetti western, realistic stylized game art, burnt-orange sunset, deep brown shadows, dusty frontier town, weathered leather and steel, dramatic rim light, grounded anatomy. No text, no logo, no watermark. Seamless dark worn brown leather UI texture, subtle scratches, no objects or text.",
output/ui/icons/skill_mirror.png,icon,1024x1024,transparent,references/high_noon_master_reference.png,"HIGH NOON mobile game art. cinematic spaghetti western, realistic stylized game art, burnt-orange sunset, deep brown shadows, dusty frontier town, weathered leather and steel, dramatic rim light, grounded anatomy. No text, no logo, no watermark. Minimal cream/gold western UI icon: cracked mirror symbol. Thick readable silhouette, no text.",
output/ui/icons/skill_thunderbolt.png,icon,1024x1024,transparent,references/high_noon_master_reference.png,"HIGH NOON mobile game art. cinematic spaghetti western, realistic stylized game art, burnt-orange sunset, deep brown shadows, dusty frontier town, weathered leather and steel, dramatic rim light, grounded anatomy. No text, no logo, no watermark. Minimal cream/gold western UI icon: lightning bolt symbol. Thick readable silhouette, no text.",
output/ui/icons/skill_blind_bang.png,icon,1024x1024,transparent,references/high_noon_master_reference.png,"HIGH NOON mobile game art. cinematic spaghetti western, realistic stylized game art, burnt-orange sunset, deep brown shadows, dusty frontier town, weathered leather and steel, dramatic rim light, grounded anatomy. No text, no logo, no watermark. Minimal cream/gold western UI icon: crossed-out eye symbol. Thick readable silhouette, no text.",
output/ui/icons/skill_shake.png,icon,1024x1024,transparent,references/high_noon_master_reference.png,"HIGH NOON mobile game art. cinematic spaghetti western, realistic stylized game art, burnt-orange sunset, deep brown shadows, dusty frontier town, weathered leather and steel, dramatic rim light, grounded anatomy. No text, no logo, no watermark. Minimal cream/gold western UI icon: three vibration-wave lines. Thick readable silhouette, no text.",
output/ui/icons/skill_void.png,icon,1024x1024,transparent,references/high_noon_master_reference.png,"HIGH NOON mobile game art. cinematic spaghetti western, realistic stylized game art, burnt-orange sunset, deep brown shadows, dusty frontier town, weathered leather and steel, dramatic rim light, grounded anatomy. No text, no logo, no watermark. Minimal cream/gold western UI icon: black eclipse ring symbol. Thick readable silhouette, no text.",
output/ui/icons/skill_echo.png,icon,1024x1024,transparent,references/high_noon_master_reference.png,"HIGH NOON mobile game art. cinematic spaghetti western, realistic stylized game art, burnt-orange sunset, deep brown shadows, dusty frontier town, weathered leather and steel, dramatic rim light, grounded anatomy. No text, no logo, no watermark. Minimal cream/gold western UI icon: three sound-wave arcs. Thick readable silhouette, no text.",
output/ui/icons/skill_chaos.png,icon,1024x1024,transparent,references/high_noon_master_reference.png,"HIGH NOON mobile game art. cinematic spaghetti western, realistic stylized game art, burnt-orange sunset, deep brown shadows, dusty frontier town, weathered leather and steel, dramatic rim light, grounded anatomy. No text, no logo, no watermark. Minimal cream/gold western UI icon: single western dice symbol. Thick readable silhouette, no text.",
output/ui/icons/skill_pale_silence.png,icon,1024x1024,transparent,references/high_noon_master_reference.png,"HIGH NOON mobile game art. cinematic spaghetti western, realistic stylized game art, burnt-orange sunset, deep brown shadows, dusty frontier town, weathered leather and steel, dramatic rim light, grounded anatomy. No text, no logo, no watermark. Minimal cream/gold western UI icon: minimal skull symbol. Thick readable silhouette, no text.",
